{
  "model": "t5-small",
  "epochs": 3,
  "batch_size": 16,
  "lr": 0.0005,
  "dev_loss": 3.8795711994171143,
  "dev_bleu": 0.4609519086167526,
  "dev_rougeL": 9.994998480779048,
  "test_loss": 3.852949857711792,
  "test_bleu": 0.6388171853007245,
  "test_rougeL": 9.307513954490082
}